Objetivo 1,Objetivo 2
143322.525664,137211.698955
140281.26481999998,141677.152705
161616.066252,132987.37054
148969.44605099998,135777.403824
132077.563137,153572.43205099998
140191.111962,149287.003628
152736.105509,135252.720825
