Objetivo 1,Objetivo 2
137178.351934,134556.36479999998
131782.110562,149499.244597
130929.10552,154087.48154100002
133733.22065600002,148130.98000399998
129901.909806,162625.67402399998
