Objetivo 1,Objetivo 2
133099.09749,149131.07046800002
143464.666941,137537.295686
139364.14897,145199.714781
141502.57213,138474.71303100002
134116.88892499998,148891.273325
144319.94564999998,127763.706655
144210.477696,134362.514765
138878.047166,146786.941369
153322.010873,123876.67837400001
137401.609351,148132.269762
137401.609351,148132.269762
