Objetivo 1,Objetivo 2
106216.569316,138479.327577
118794.845422,118167.244171
108286.196299,138362.946231
109118.67127800001,137507.479166
118794.845422,118167.244171
110195.71549300001,130959.13978
109325.157363,137443.423957
110815.608145,126119.685907
115450.454158,122912.50770900001
109118.67127800001,137507.479166
109325.157363,137443.423957
136932.117949,113649.646605
124397.262891,115949.873792
109325.157363,137443.423957
109325.157363,137443.423957
119130.230849,117776.169148
