Objetivo 1,Objetivo 2
131706.417192,137901.25532
140013.94768699998,132580.971751
133451.199544,135627.30319500001
128595.09840399999,139085.592468
