Algoritmo,Instancia,M1,M2,M3,Error
NSGA-II,KROAB100,27561.959889125617,27657.176545275794,3697.203821723239,0.68
SPEA,KROAB100,4107.1101588943475,9829.839843073762,1247.0008251119575,0.6
NSGA-II,KROAC100,31017.197152556946,31846.159348234236,4476.875873659854,1.0
SPEA,KROAC100,12061.641422376022,10051.355701974582,3011.99428177919,1.0
