Objetivo 1,Objetivo 2
141979.763957,139674.67730900002
137638.022943,142980.105424
151060.43047400002,136038.55659599998
140212.422493,142090.095649
146592.08191799998,138399.09200200002
124066.494081,147018.104812
158688.224869,128003.488587
