Objetivo 1,Objetivo 2
138125.15766,140292.189937
136098.49753000002,141370.049363
151109.574958,131073.250322
131982.781981,142178.462261
146661.989394,134369.850474
156254.641311,127850.687708
139921.648202,135554.243351
140510.921714,134828.419685
