Algoritmo,Instancia,M1,M2,M3,Error
NSGA-II,KROAB100,64594.923296155765,68782.85500643193,6799.070406263345,0.5490196078431373
SPEA,KROAB100,4055.3232055911903,3566.517383501471,2911.2716743499427,0.5098039215686274
NSGA-II,KROAC100,57733.23022494049,57977.685841651124,4323.864591364013,0.6511627906976745
SPEA,KROAC100,4956.192553221844,5917.428859066822,2375.9859881793436,0.46511627906976744
