Objetivo 1,Objetivo 2
133939.40020600002,145238.18367300002
151100.926055,126246.07481199999
164891.463743,122796.55099
143089.726793,137867.27170500002
145245.86532399998,129534.64352099999
155115.679974,125605.542297
137782.998531,140832.807685
132588.10304400002,163966.060905
