Objetivo 1,Objetivo 2
137856.92025599998,158918.292442
150332.279704,126741.40079999999
138518.033585,134029.027894
