Objetivo 1,Objetivo 2
139828.490797,142786.868717
143070.861943,136843.782126
135214.33397600002,146448.20215099998
153860.089108,135522.84396
165158.808497,133224.45059999998
130654.505298,149300.363938
123988.966897,156049.50628700003
134066.34556299998,147115.391085
