Algoritmo,Instancia,M1,M2,M3,Error
NSGA-II,KROAB100,75425.79418053827,80769.42168862377,7132.19218591256,0.6744186046511628
SPEA,KROAB100,10170.401043466163,9535.135907059657,2211.0323588457413,0.6046511627906976
NSGA-II,KROAC100,72452.45995204018,71617.21584415622,12767.753817317605,0.6811594202898551
SPEA,KROAC100,1016.405894320377,2197.6328527211576,1377.8106418131965,0.34782608695652173
