Objetivo 1,Objetivo 2
154251.096783,122372.62045700001
136097.81321700002,131135.500992
134520.17685000002,132957.885744
132806.063081,146745.326598
147438.953452,127719.799008
133102.666199,137123.397804
132383.971348,162045.28422600002
