Objetivo 1,Objetivo 2
156631.147504,128088.249848
136396.866531,142078.627427
125889.914957,142999.288252
139450.981833,130084.437423
137032.58129499998,140644.17844000002
