Algoritmo,Instancia,M1,M2,M3,Error
NSGA-II,KROAB100,49903.40820101551,51016.166999954694,8707.871851535281,0.9285714285714286
SPEA,KROAB100,8460.892192685877,9842.199259628691,2217.871231775922,0.9285714285714286
NSGA-II,KROAC100,48089.10150207542,47197.726767661654,10061.274084226554,0.8360655737704918
SPEA,KROAC100,2635.3398626629173,6780.291994544883,2654.9222157208683,0.6721311475409836
