Objetivo 1,Objetivo 2
142561.015285,136222.055306
157815.21458200002,124297.167854
149406.511649,132881.979047
154993.362324,132083.19969
151320.97681,132828.71924
133116.61344400002,136396.370873
129957.383313,148762.74987600002
145872.239178,133816.714509
132222.639219,139122.663778
129620.287014,167811.513233
