Objetivo 1,Objetivo 2
147057.448657,129628.369408
163634.97841900002,129514.478407
134685.43296600002,135908.19946200002
144622.168893,133826.299849
126992.312015,142852.43592000002
