Algoritmo,Instancia,M1,M2,M3,Error
NSGA-II,KROAB100,77199.76319516856,77768.56027696238,6995.789302780318,0.8208955223880597
SPEA,KROAB100,948.9903594367194,1329.85326954386,1664.5084198842476,0.40298507462686567
NSGA-II,KROAC100,65859.63419645788,68006.30225236152,10486.82163741312,0.5104166666666666
SPEA,KROAC100,1089.9267538185002,3233.514346846339,1390.5751987314277,0.375
